,Site,HouseID,REP#,CoreID,Depth,LU_Current,LU_Previous,Yr_Built,Lawn Age,CoarseVeg,StructDen,BD,Sand_Perc,Clay_Perc,Silt_Perc,Respiration,C_Perc,N_Perc,C_N_Perc,MB_C,MB_N,C_gm2,N_gm2,Initial Nitrates,Initial NH4,Net N Min,Net Nitr
0,Hillsdale 1,,1,Hillsdale 1_1,0to10,Forest,Forest,,,,,0.909,20.9,13.5,65.6,5.843,2.367,0.131,18.033,248.0056495,65.433,0.0,0.0,0.277,10.297,0.417,0.07
1,Hillsdale 2,,1,Hillsdale 2_1,0to10,Forest,Forest,,,,,0.833,33.9,12.2,53.9,8.219,3.112,0.2,15.543,461.5742368,95.314,0.0,0.0,9.164,7.807,0.386,0.351
2,Leakin 1,,1,Leakin 1_1,0to10,Forest,Forest,,,,,0.927,38.3,14.0,47.6,5.853,2.329,0.175,13.316,414.5008999,65.638,0.0,0.0,9.069,0.819,0.18,0.186
3,Leakin 2 ,,1,Leakin 2 _1,0to10,Forest,Forest,,,,,0.688,60.5,10.5,29.0,19.719,2.549,0.11,23.143,797.7840349,55.82,0.0,0.0,0.266,5.645,0.57,0.0
4,Oregon Ridge Mid 1,,1,Oregon Ridge Mid 1_1,0to10,Forest,Forest,,,,,0.494,54.3,11.7,33.9,3.632,4.705,0.249,18.872,124.1263228,118.211,0.0,0.0,0.708,12.389,0.769,0.062
5,Oregon Ridge Upper 1 ,,1,Oregon Ridge Upper 1 _1,0to10,Forest,Forest,,,,,0.606,50.8,11.2,38.0,12.453,3.119,0.153,20.361,936.3272536,105.89,0.0,0.0,0.282,16.475,0.569,0.051
6,Oregon Ridge Upper 2 ,,1,Oregon Ridge Upper 2 _1,0to10,Forest,Forest,,,,,0.692,41.5,12.1,46.3,2.737,2.857,0.196,14.582,675.4195921,107.803,0.0,0.0,0.286,3.429,0.769,0.0
7,Hillsdale 1,,2,Hillsdale 1_2,0to10,Forest,Forest,,,,,0.874,,,,14.342,3.108,0.171,18.128,391.7104111,64.971,0.0,0.0,0.278,9.44,1.638,0.025
8,Hillsdale 2,,2,Hillsdale 2_2,0to10,Forest,Forest,,,,,0.643,,,,1.701,2.225,0.171,13.048,114.5445739,69.936,0.0,0.0,13.719,1.125,0.305,0.249
9,Leakin 1,,2,Leakin 1_2,0to10,Forest,Forest,,,,,0.839,,,,12.758,3.362,0.233,14.448,558.1409981,100.196,0.0,0.0,3.439,3.042,-0.391,-0.247
10,Leakin 2 ,,2,Leakin 2 _2,0to10,Forest,Forest,,,,,0.603,,,,16.876,4.028,0.193,20.831,669.7389587,113.472,0.0,0.0,0.301,15.813,0.453,0.0
11,Oregon Ridge Mid 1,,2,Oregon Ridge Mid 1_2,0to10,Forest,Forest,,,,,0.658,,,,2.616,4.671,0.255,18.289,183.5555205,160.519,0.0,0.0,1.187,11.455,1.137,0.139
12,Oregon Ridge Mid 2,,2,Oregon Ridge Mid 2_2,0to10,Forest,Forest,,,,,1.012,41.7,20.3,38.0,6.422,1.22,0.083,14.688,254.3693165,24.223,0.0,0.0,0.963,6.017,-0.264,-0.061
13,Oregon Ridge Upper 1 ,,2,Oregon Ridge Upper 1 _2,0to10,Forest,Forest,,,,,0.641,,,,15.653,3.815,0.199,19.165,946.880992,108.749,0.0,0.0,0.295,6.903,0.646,0.0
14,Oregon Ridge Upper 2 ,,2,Oregon Ridge Upper 2 _2,0to10,Forest,Forest,,,,,0.493,,,,3.108,4.774,0.26,18.339,1034.288268,174.977,0.0,0.0,0.291,11.567,1.137,0.0
15,Oregon Ridge Mid 2,,3,Oregon Ridge Mid 2_3,0to10,Forest,Forest,,,,,0.68,,,,4.573,3.916,0.239,16.369,187.3346173,99.119,0.0,0.0,0.379,7.508,0.607,-0.001
16,Hillsdale 1,,1,Hillsdale 1_1,10to30,Forest,Forest,,,,,1.183,12.2,22.5,65.3,3.027,0.771,0.054,14.279,138.5568745,13.724,0.0,0.0,0.259,2.947,0.135,0.0
17,Hillsdale 2,,1,Hillsdale 2_1,10to30,Forest,Forest,,,,,1.267,20.2,28.8,51.0,2.348,0.43,0.047,9.252,78.36901609,7.577,0.0,0.0,0.252,3.985,0.017,0.0
18,Leakin 1,,1,Leakin 1_1,10to30,Forest,Forest,,,,,1.179,31.1,18.7,50.2,3.253,0.983,0.071,13.931,224.522995,23.277,0.0,0.0,1.433,1.535,0.042,0.085
19,Leakin 2 ,,1,Leakin 2 _1,10to30,Forest,Forest,,,,,1.11,45.1,20.0,34.9,3.327,0.345,0.021,16.23,163.10518,8.163,0.0,0.0,0.242,2.709,0.081,0.0
20,Oregon Ridge Mid 1,,1,Oregon Ridge Mid 1_1,10to30,Forest,Forest,,,,,0.929,46.7,20.0,33.3,2.409,0.821,0.066,12.414,79.99052793,13.808,0.0,0.0,0.256,2.403,-0.103,0.0
21,Oregon Ridge Upper 1 ,,1,Oregon Ridge Upper 1 _1,10to30,Forest,Forest,,,,,1.027,48.3,20.0,31.7,5.484,0.579,0.035,16.595,241.4972876,7.706,0.0,0.0,0.258,1.957,-0.077,0.0
22,Oregon Ridge Upper 2 ,,1,Oregon Ridge Upper 2 _1,10to30,Forest,Forest,,,,,1.086,32.3,29.7,38.0,2.394,0.54,0.045,11.917,87.81950512,6.337,0.0,0.0,0.259,2.068,-0.073,0.0
23,Hillsdale 1,,2,Hillsdale 1_2,10to30,Forest,Forest,,,,,1.285,7.6,26.3,66.1,2.928,0.465,0.026,17.931,99.68521868,9.121,0.0,0.0,0.255,1.632,0.002,0.0
24,Hillsdale 2,,2,Hillsdale 2_2,10to30,Forest,Forest,,,,,1.28,20.9,35.0,44.1,1.865,0.361,0.039,9.174,67.44776824,4.57,0.0,0.0,2.33,1.087,0.031,-0.001
25,Leakin 1,,2,Leakin 1_2,10to30,Forest,Forest,,,,,1.167,33.8,19.7,46.5,2.22,1.263,0.096,13.144,148.1167594,32.406,0.0,0.0,0.572,3.375,-0.03,-0.026
26,Leakin 2 ,,2,Leakin 2 _2,10to30,Forest,Forest,,,,,0.959,45.0,19.7,35.2,5.395,0.473,0.027,17.272,96.44339112,13.885,0.0,0.0,0.243,3.548,-0.022,0.0
27,Oregon Ridge Mid 1,,2,Oregon Ridge Mid 1_2,10to30,Forest,Forest,,,,,1.007,34.2,26.3,39.5,3.245,0.873,0.068,12.78,71.4999273,17.962,0.0,0.0,0.26,3.384,-0.106,0.0
28,Oregon Ridge Mid 2,,2,Oregon Ridge Mid 2_2,10to30,Forest,Forest,,,,,1.014,40.1,25.0,35.0,3.304,0.432,0.033,13.186,108.9322489,10.479,0.0,0.0,0.286,10.625,-0.385,0.036
29,Oregon Ridge Upper 1 ,,2,Oregon Ridge Upper 1 _2,10to30,Forest,Forest,,,,,0.975,38.9,27.7,33.4,6.408,0.571,0.038,15.074,121.9908075,6.894,0.0,0.0,0.254,3.0,-0.072,0.0
30,Oregon Ridge Upper 2 ,,2,Oregon Ridge Upper 2 _2,10to30,Forest,Forest,,,,,0.91,38.3,23.8,37.9,5.837,0.986,0.058,16.968,90.8959744,19.409,0.0,0.0,0.275,3.686,-0.155,-0.002
31,Oregon Ridge Mid 2,,3,Oregon Ridge Mid 2_3,10to30,Forest,Forest,,,,,1.065,32.4,27.5,40.1,2.496,0.97,0.07,13.943,55.2830797,26.524,0.0,0.0,0.295,3.957,0.053,0.0
32,Hillsdale 1,,1,Hillsdale 1_1,30to70,Forest,Forest,,,,,1.183,16.0,41.2,42.8,2.717,0.224,0.029,7.653,54.37437108,1.786,0.0,0.0,0.268,0.537,0.009,0.0
33,Hillsdale 2,,1,Hillsdale 2_1,30to70,Forest,Forest,,,,,1.147,21.5,48.5,30.0,2.093,0.405,0.033,12.227,69.55873054,2.122,0.0,0.0,0.282,0.901,0.045,0.0
34,Leakin 1,,1,Leakin 1_1,30to70,Forest,Forest,,,,,1.161,31.9,29.8,38.4,2.271,0.28,0.029,9.56,68.49350976,2.012,0.0,0.0,0.284,0.853,-0.027,0.0
35,Leakin 2 ,,1,Leakin 2 _1,30to70,Forest,Forest,,,,,1.341,43.2,23.5,33.3,3.512,0.215,0.015,14.179,104.1592459,3.209,0.0,0.0,0.257,1.285,0.026,0.0
36,Oregon Ridge Mid 1,,1,Oregon Ridge Mid 1_1,30to70,Forest,Forest,,,,,1.219,61.6,22.5,15.9,2.683,0.225,0.024,9.177,39.85193264,1.626,0.0,0.0,0.251,1.105,-0.079,0.0
37,Oregon Ridge Upper 1 ,,1,Oregon Ridge Upper 1 _1,30to70,Forest,Forest,,,,,1.182,49.5,29.0,21.5,3.645,0.26,0.016,16.508,80.12306517,1.705,0.0,0.0,0.248,0.792,-0.015,0.0
38,Oregon Ridge Upper 2 ,,1,Oregon Ridge Upper 2 _1,30to70,Forest,Forest,,,,,1.273,36.5,38.8,24.8,3.495,0.16,0.02,7.865,65.83362236,1.273,0.0,0.0,0.255,0.917,0.036,0.0
39,Hillsdale 1,,2,Hillsdale 1_2,30to70,Forest,Forest,,,,,1.401,20.0,32.5,47.5,3.009,0.222,0.019,11.475,77.61959594,1.422,0.0,0.0,0.251,0.503,-0.023,0.0
40,Hillsdale 2,,2,Hillsdale 2_2,30to70,Forest,Forest,,,,,1.136,23.4,40.0,36.6,1.817,0.244,0.024,9.996,60.5988658,3.84,0.0,0.0,3.236,0.614,0.003,-0.012
41,Leakin 1,,2,Leakin 1_2,30to70,Forest,Forest,,,,,1.361,44.6,21.0,34.4,2.938,0.36,0.033,10.928,93.22147945,4.438,0.0,0.0,0.29,1.218,-0.085,0.0
42,Leakin 2 ,,2,Leakin 2 _2,30to70,Forest,Forest,,,,,1.142,64.5,21.0,14.5,3.19,0.126,0.0,13.41740885880537,106.2766391,1.016,0.0,0.0,0.244,0.879,-0.031,0.0
43,Oregon Ridge Mid 1,,2,Oregon Ridge Mid 1_2,30to70,Forest,Forest,,,,,1.22,47.2,31.5,21.3,2.627,0.23,0.025,9.127,76.03094706,2.76,0.0,0.0,0.256,2.154,-0.07,0.0
44,Oregon Ridge Mid 2,,2,Oregon Ridge Mid 2_2,30to70,Forest,Forest,,,,,0.95,70.3,15.0,14.8,2.327,0.106,0.017,6.307,72.69630923,0.92,0.0,0.0,0.277,0.554,-0.026,0.0
45,Oregon Ridge Upper 1 ,,2,Oregon Ridge Upper 1 _2,30to70,Forest,Forest,,,,,1.176,66.5,17.5,16.0,2.65,0.179,0.013,13.693,137.6458528,1.105,0.0,0.0,0.256,1.795,-0.141,0.0
46,Oregon Ridge Upper 2 ,,2,Oregon Ridge Upper 2 _2,30to70,Forest,Forest,,,,,1.422,30.6,33.8,35.7,4.005,0.202,0.021,9.766,73.96426021,1.783,0.0,0.0,0.227,1.501,-0.08,0.0
47,Oregon Ridge Mid 2,,3,Oregon Ridge Mid 2_3,30to70,Forest,Forest,,,,,1.354,34.9,32.5,32.5,2.787,0.161,0.022,7.32,67.05315865,1.861,0.0,0.0,0.28,0.672,-0.037,0.0
48,Hillsdale 1,,1,Hillsdale 1_1,70to100,Forest,Forest,,,,,1.007,30.3,40.0,29.7,2.842,0.2,0.016,12.868,102.6870095,1.433,0.0,0.0,0.281,0.954,-0.062,0.0
49,Hillsdale 2,,1,Hillsdale 2_1,70to100,Forest,Forest,,,,,1.211,21.5,42.5,36.0,1.942,0.136,0.019,7.205,66.35974134,1.305,0.0,0.0,0.276,0.772,0.019,0.0
50,Leakin 1,,1,Leakin 1_1,70to100,Forest,Forest,,,,,1.115,37.6,27.5,35.0,2.427,0.313,0.043,7.311,113.7699675,2.149,0.0,0.0,0.572,0.858,-0.006,0.015
51,Leakin 2 ,,1,Leakin 2 _1,70to100,Forest,Forest,,,,,1.279,60.8,17.3,21.9,2.766,0.104,0.0,13.41740885880537,75.66298054,1.114,0.0,0.0,0.244,0.975,-0.027,0.0
52,Oregon Ridge Mid 1,,1,Oregon Ridge Mid 1_1,70to100,Forest,Forest,,,,,1.295,70.9,17.5,11.6,9.857,0.117,0.013,8.658,719.9726428,1.309,0.0,0.0,0.236,0.849,-0.056,0.0
53,Oregon Ridge Upper 1 ,,1,Oregon Ridge Upper 1 _1,70to100,Forest,Forest,,,,,1.222,80.8,9.0,10.2,3.416,0.138,0.0,13.41740885880537,82.17325853,1.677,0.0,0.0,0.256,0.665,-0.037,0.0
54,Oregon Ridge Upper 2 ,,1,Oregon Ridge Upper 2 _1,70to100,Forest,Forest,,,,,1.336,36.5,42.5,21.0,3.433,0.09,0.012,7.429,84.20363044,0.8,0.0,0.0,0.255,0.867,0.063,0.0
55,Hillsdale 1,,2,Hillsdale 1_2,70to100,Forest,Forest,,,,,1.319,46.0,21.3,32.8,3.482,0.231,0.012,19.013,69.85953995,1.129,0.0,0.0,0.249,0.598,-0.032,0.0
56,Hillsdale 2,,2,Hillsdale 2_2,70to100,Forest,Forest,,,,,1.019,29.0,33.5,37.5,2.229,0.171,0.021,8.221,41.46897281,5.351,0.0,0.0,3.961,0.932,0.024,-0.002
57,Leakin 1,,2,Leakin 1_2,70to100,Forest,Forest,,,,,1.395,44.7,21.2,34.1,2.345,0.127,0.017,7.322,77.51574883,0.566,0.0,0.0,0.288,0.288,0.0,0.0
58,Leakin 2 ,,2,Leakin 2 _2,70to100,Forest,Forest,,,,,1.326,53.7,16.3,30.0,3.186,0.084,0.0,13.41740885880537,78.76782228,0.495,0.0,0.0,0.251,0.501,-0.023,0.0
59,Oregon Ridge Mid 1,,2,Oregon Ridge Mid 1_2,70to100,Forest,Forest,,,,,1.328,62.6,22.5,14.9,3.04,0.142,0.024,5.925,157.6368617,0.488,0.0,0.0,0.248,0.495,0.003,0.0
60,Oregon Ridge Mid 2,,2,Oregon Ridge Mid 2_2,70to100,Forest,Forest,,,,,1.384,76.4,9.8,13.9,2.582,0.086,0.008,11.036,93.2122708,0.841,0.0,0.0,0.284,0.284,-0.001,0.0
61,Oregon Ridge Upper 1 ,,2,Oregon Ridge Upper 1 _2,70to100,Forest,Forest,,,,,1.342,61.0,19.8,19.2,3.603,0.1,0.0,13.41740885880537,124.5123817,1.018,0.0,0.0,0.234,1.358,-0.103,0.0
62,Oregon Ridge Upper 2 ,,2,Oregon Ridge Upper 2 _2,70to100,Forest,Forest,,,,,1.387,45.5,27.8,26.8,2.663,0.16,0.014,11.316,58.01247015,1.211,0.0,0.0,0.244,0.683,-0.014,0.0
63,Oregon Ridge Mid 2,,3,Oregon Ridge Mid 2_3,70to100,Forest,Forest,,,,,1.384,56.9,26.2,16.9,14.708,0.065,0.012,5.398,275.2924133,0.878,0.0,0.0,0.279,0.279,-0.001,0.0
64,House9,9.0,1,9.1,0to10,Residential,Ag,1989.0,18.0,2.0,1.0,0.656,46.335,12.509,41.156,12.411,2.89,0.217,13.319,421.47,79.112,1896.687,142.405,0.716,11.835,0.105,0.098
65,House9,9.0,2,9.2,0to10,Residential,Ag,1989.0,18.0,2.0,1.0,0.848,,,,10.014,2.663,0.215,12.407,527.24,86.484,2257.095,181.916,1.909,4.773,0.343,0.376
66,House9,9.0,1,9.1,10to30,Residential,Ag,1989.0,18.0,2.0,1.0,1.178,37.75,19.75,42.5,3.709,0.884,0.081,10.871,63.31,31.326,2081.917,191.502,0.698,25.062,-0.243,0.124
67,House9,9.0,2,9.2,10to30,Residential,Ag,1989.0,18.0,2.0,1.0,1.097,37.078,22.767,40.155,1.707,0.916,0.078,11.76,124.9,12.136,2009.749,170.894,0.75,1.75,0.043,0.112
68,House9,9.0,1,9.1,30to70,Residential,Ag,1989.0,18.0,2.0,1.0,1.306,31.5,39.0,29.5,2.082,0.317,0.03,10.532,78.55,8.301,1657.967,157.417,0.703,11.555,-0.367,0.08
69,House9,9.0,2,9.2,30to70,Residential,Ag,1989.0,18.0,2.0,1.0,1.282,31.341,45.273,23.387,3.42,0.279,0.029,9.781,73.56,0.759,1432.791,146.492,0.257,0.514,0.049,0.0
70,House9,9.0,1,9.1,70to100,Residential,Ag,1989.0,18.0,2.0,1.0,1.268,43.332,36.277,20.39,2.964,0.202,0.025,8.018,58.15,1.366,1046.703,130.539,0.247,0.592,0.044,0.0
71,House9,9.0,2,9.2,70to100,Residential,Ag,1989.0,18.0,2.0,1.0,1.225,52.536,35.224,12.241,2.638,0.074,0.01,7.691,47.97,0.822,282.975,36.791,0.244,0.244,0.0,0.0
72,House11,11.0,1,11.1,0to10,Residential,Ag,1980.0,27.0,2.0,1.0,0.959,40.765,15.746,43.489,4.374,2.171,0.206,10.555,493.0,96.24,2082.17,197.269,18.084,0.848,0.633,0.395
73,House11,11.0,2,11.2,0to10,Residential,Ag,1980.0,27.0,2.0,1.0,0.958,,,,2.537,2.03,0.173,11.763,376.54,72.164,1944.229,165.282,6.711,1.611,0.537,0.432
74,House11,11.0,1,11.1,10to30,Residential,Ag,1980.0,27.0,2.0,1.0,1.257,38.39,23.494,38.115,2.857,0.785,0.085,9.258,151.21,20.328,1972.887,213.107,6.553,0.74,0.07,0.081
75,House11,11.0,2,11.2,10to30,Residential,Ag,1980.0,27.0,2.0,1.0,1.047,21.48,31.258,47.262,2.93,0.508,0.047,10.864,118.68,6.264,1063.593,97.903,1.403,0.26,0.008,0.008
76,House11,11.0,1,11.1,30to70,Residential,Ag,1980.0,27.0,2.0,1.0,1.253,17.042,33.784,49.174,2.505,0.22,0.03,7.337,56.58,0.516,1100.296,149.956,0.262,0.262,-0.001,0.0
77,House11,11.0,2,11.2,30to70,Residential,Ag,1980.0,27.0,2.0,1.0,1.093,18.334,35.018,46.648,3.208,0.212,0.03,6.976,60.66,1.16,928.54,133.106,0.268,0.268,-0.001,0.0
78,House11,11.0,1,11.1,70to100,Residential,Ag,1980.0,27.0,2.0,1.0,1.209,14.71,33.716,51.573,2.661,0.158,0.024,6.491,47.46,28.089272727272725,574.958,88.576,0.265,0.265,0.2402319749216301,0.2048808777429467
79,House11,11.0,2,11.2,70to100,Residential,Ag,1980.0,27.0,2.0,1.0,,,,,5.606775,1.0592625000000002,0.078946875,13.41740885880537,199.36755470325,28.089272727272725,1404.5917757009345,111.34078504672897,5.03339375,2.6695,0.2402319749216301,0.2048808777429467
80,House12,12.0,1,12.1,0to10,Residential,Ag,1978.0,29.0,2.0,1.0,0.872,24.781,18.273,56.946,19.165,2.432,0.224,10.833,415.62,122.37,2119.498,195.657,18.194,3.191,0.639,0.873
81,House12,12.0,2,12.2,0to10,Residential,Ag,1978.0,29.0,2.0,1.0,1.146,,,,9.42,2.465,0.213,11.591,412.12,120.643,2825.453,243.766,23.795,0.609,0.638,0.624
82,House12,12.0,1,12.1,10to30,Residential,Ag,1978.0,29.0,2.0,1.0,1.117,18.959,34.767,46.273,3.339,0.53,0.059,8.997,213.46,10.129,1185.224,131.735,2.856,2.025,0.0,0.161
83,House12,12.0,2,12.2,10to30,Residential,Ag,1978.0,29.0,2.0,1.0,1.308,18.23,32.508,49.262,4.327,0.631,0.069,9.196,272.65,19.302,1649.941,179.419,8.408,0.731,0.095,0.138
84,House12,12.0,1,12.1,30to70,Residential,Ag,1978.0,29.0,2.0,1.0,1.34,28.929,35.035,36.036,3.528,0.133,0.025,5.26,121.27,0.511,710.912,135.148,0.26,1.613,-0.124,0.0
85,House12,12.0,2,12.2,30to70,Residential,Ag,1978.0,29.0,2.0,1.0,1.264,24.944,36.277,38.779,3.342,0.224,0.031,7.215,107.56,5.761,1133.439,157.091,4.817,0.524,0.023,0.047
86,House12,12.0,1,12.1,70to100,Residential,Ag,1978.0,29.0,2.0,1.0,1.33,35.686,40.04,24.274,2.913,0.096,0.02,4.844,80.16,0.951,385.079,79.492,0.269,0.269,0.028,0.0
87,House12,12.0,2,12.2,70to100,Residential,Ag,1978.0,29.0,2.0,1.0,1.122,32.324,38.779,28.897,4.395,0.197,0.025,7.984,109.82,5.527,662.018,82.917,4.246,0.743,0.027,0.046
88,House13,13.0,1,13.1,0to10,Residential,Ag,2002.0,5.0,2.0,1.0,0.984,36.907,18.741,44.353,5.065,2.006,0.194,10.343,74.69,77.032,1973.169,190.773,9.885,6.206,0.48,0.642
89,House13,13.0,2,13.2,0to10,Residential,Ag,2002.0,5.0,2.0,1.0,0.899,,,,12.544,2.339,0.205,11.432,451.29,83.851,2101.649,183.846,7.776,3.656,1.561,1.032
90,House13,13.0,1,13.1,10to30,Residential,Ag,2002.0,5.0,2.0,1.0,1.151,46.25,18.75,35.0,3.284,0.659,0.073,9.038,71.81,24.249,1517.511,167.904,7.326,3.738,0.153,0.336
91,House13,13.0,2,13.2,10to30,Residential,Ag,2002.0,5.0,2.0,1.0,1.124,36.407,25.987,37.606,3.241,0.725,0.082,8.838,135.68,44.534,1630.099,184.452,5.317,24.501,0.233,0.808
92,House13,13.0,1,13.1,30to70,Residential,Ag,2002.0,5.0,2.0,1.0,0.831,71.729,7.255,21.016,1.969,0.224,0.019,11.556,72.33,1.929,744.251,64.405,1.222,0.684,0.007,-0.001
93,House13,13.0,2,13.2,30to70,Residential,Ag,2002.0,5.0,2.0,1.0,1.154,70.632,7.248,22.119,2.858,0.116,0.014,8.322,85.62,0.819,534.125,64.18,0.243,0.583,-0.031,0.0
94,House13,13.0,1,13.1,70to100,Residential,Ag,2002.0,5.0,2.0,1.0,1.0,69.538,7.241,23.221,2.551,0.081,0.0,13.41740885880537,74.62,1.015,745.134,0.0,0.246,2.212,-0.082,0.0
95,House13,13.0,2,13.2,70to100,Residential,Ag,2002.0,5.0,2.0,1.0,1.0,66.409,8.492,25.1,2.804,0.094,0.0,13.41740885880537,64.48,0.514,282.023,0.0,0.263,0.263,0.023,0.0
96,House20,20.0,1,20.1,0to10,Residential,Ag,1963.0,44.0,2.0,2.0,1.123,40.875,27.75,31.375,5.082,0.479,0.052,9.221,120.05,3.812,538.261,58.373,0.775,0.878,-0.028,0.035
97,House20,20.0,2,20.2,0to10,Residential,Ag,1963.0,44.0,2.0,2.0,0.946,,,,11.452,2.022,0.169,11.991,565.43,42.986,1912.581,159.505,5.432,1.098,0.398,0.479
98,House20,20.0,1,20.1,10to30,Residential,Ag,1963.0,44.0,2.0,2.0,1.269,42.25,24.0,33.75,15.215,1.452,0.136,10.686,380.69,34.069,3684.012,344.739,2.447,1.064,0.686,0.65
99,House20,20.0,2,20.2,10to30,Residential,Ag,1963.0,44.0,2.0,2.0,1.247,41.5,29.75,28.75,3.692,0.3,0.038,7.833,163.14,3.343,748.458,95.553,0.905,0.251,0.014,0.015
100,House20,20.0,1,20.1,30to70,Residential,Ag,1963.0,44.0,2.0,2.0,1.337,45.195,25.025,29.78,3.543,0.358,0.039,9.253,110.23,1.917,1915.158,206.968,0.251,0.502,0.107,0.024
101,House20,20.0,2,20.2,30to70,Residential,Ag,1963.0,44.0,2.0,2.0,1.306,53.488,22.256,24.256,3.214,0.358,0.04,8.912,146.95,2.085,1872.367,210.099,0.487,0.243,0.029,0.029
102,House20,20.0,1,20.1,70to100,Residential,Ag,1963.0,44.0,2.0,2.0,1.247,56.864,17.254,25.881,3.602,0.098,0.013,7.351,103.82,1.044,365.31,49.692,0.242,0.242,0.029,0.0
103,House20,20.0,2,20.2,70to100,Residential,Ag,1963.0,44.0,2.0,2.0,1.291,67.1,14.761,18.139,3.241,0.07,0.0,13.41740885880537,84.7,0.853,270.926,0.0,0.242,0.242,-0.001,0.0
104,House21,21.0,1,21.1,0to10,Residential,Ag,1998.0,9.0,2.0,1.0,0.879,44.472,19.01,36.518,2.831,1.692,0.171,9.877,661.88,174.688,1486.529,150.498,44.469,34.928,2.24,4.907
105,House21,21.0,2,21.2,0to10,Residential,Ag,1998.0,9.0,2.0,1.0,0.82,,,,18.019,1.557,0.146,10.676,572.47,80.899,1276.917,119.602,9.442,2.996,0.689,0.881
106,House21,21.0,1,21.1,10to30,Residential,Ag,1998.0,9.0,2.0,1.0,1.223,41.544,25.231,33.225,5.782,0.505,0.055,9.23,290.0,15.999,1235.883,133.899,4.643,0.516,0.121,0.145
107,House21,21.0,2,21.2,10to30,Residential,Ag,1998.0,9.0,2.0,1.0,1.161,44.639,23.744,31.617,4.786,0.565,0.061,9.289,226.04,9.52,1311.37,141.182,2.821,1.149,0.038,0.086
108,House21,21.0,1,21.1,30to70,Residential,Ag,1998.0,9.0,2.0,1.0,1.2,57.457,11.261,31.281,7.582,0.143,0.014,10.045,132.74,0.509,685.572,68.251,0.666,0.564,-0.065,-0.037
109,House21,21.0,2,21.2,30to70,Residential,Ag,1998.0,9.0,2.0,1.0,1.183,57.071,11.014,31.915,1.248,0.113,0.016,7.106,97.33,0.75,535.792,75.401,0.613,0.255,0.049,0.013
110,House21,21.0,1,21.1,70to100,Residential,Ag,1998.0,9.0,2.0,1.0,1.239,57.625,10.0,32.375,1.589,0.062,0.0,13.41740885880537,94.79,0.491,229.465,0.0,0.248,0.793,-0.05,0.0
111,House21,21.0,2,21.2,70to100,Residential,Ag,1998.0,9.0,2.0,1.0,1.187,72.736,8.504,18.759,3.975,0.081,0.0,13.41740885880537,140.33,0.508,290.14,0.0,0.258,2.113,-0.169,0.0
112,House22,22.0,1,22.1,0to10,Residential,Ag,1962.0,45.0,2.0,2.0,0.822,42.707,21.016,36.277,8.541,2.197,0.181,12.131,593.99,80.342,1805.784,148.857,14.705,1.365,0.856,0.852
113,House22,22.0,2,22.2,0to10,Residential,Ag,1962.0,45.0,2.0,2.0,0.938,34.012,20.362,45.626,2.924,2.56,0.155,16.55,125.54,67.477,2401.143,145.084,11.883,1.103,0.915,0.939
114,House22,22.0,3,22.3,0to10,Residential,Ag,1962.0,45.0,2.0,2.0,0.751,,,,13.587,3.178,0.256,12.401,96.23,149.366,2386.557,192.442,59.75,4.773,1.375,1.515
115,House22,22.0,1,22.1,10to30,Residential,Ag,1962.0,45.0,2.0,2.0,1.049,37.578,27.521,34.901,3.222,0.572,0.052,11.05,89.95,20.906,1200.948,108.687,2.102,10.456,0.016,0.415
116,House22,22.0,2,22.2,10to30,Residential,Ag,1962.0,45.0,2.0,2.0,1.041,34.609,30.008,35.384,13.371,0.718,0.054,13.246,161.27,30.025,1494.171,112.803,10.956,4.472,2.542,2.199
117,House22,22.0,3,22.3,10to30,Residential,Ag,1962.0,45.0,2.0,2.0,1.019,39.329,23.768,36.903,2.828,0.851,0.065,13.148,147.28,24.1,1735.076,131.961,9.412,1.751,-0.261,-0.126
118,House22,22.0,1,22.1,30to70,Residential,Ag,1962.0,45.0,2.0,2.0,1.317,66.208,10.013,23.78,3.59,0.189,0.016,12.186,80.61,2.792,995.791,81.716,2.081,1.092,-0.035,0.017
119,House22,22.0,2,22.2,30to70,Residential,Ag,1962.0,45.0,2.0,2.0,1.253,53.227,22.511,24.262,3.196,0.113,0.0,13.41740885880537,74.24,7.443,566.099,0.0,5.647,1.387,0.018,0.099
120,House22,22.0,3,22.3,30to70,Residential,Ag,1962.0,45.0,2.0,2.0,1.083,42.611,20.005,37.384,1.961,0.867,0.065,13.303,153.13,24.868,3756.981,282.424,9.185,1.837,-0.322,-0.18
121,House22,22.0,1,22.1,70to100,Residential,Ag,1962.0,45.0,2.0,2.0,1.371,54.477,12.506,33.017,3.732,0.101,0.0,13.41740885880537,81.57,7.434,415.992,0.0,8.429,1.142,0.023,0.078
122,House22,22.0,2,22.2,70to100,Residential,Ag,1962.0,45.0,2.0,2.0,1.169,57.032,12.491,30.477,2.702,0.109,0.0,13.41740885880537,73.04,13.071,381.916,0.0,6.89,5.207,0.047,0.049
123,House22,22.0,3,22.3,70to100,Residential,Ag,1962.0,45.0,2.0,2.0,,,,,5.606775,1.0592625000000002,0.078946875,13.41740885880537,199.36755470325,28.089272727272725,1404.5917757009345,111.34078504672897,5.03339375,2.6695,0.2402319749216301,0.2048808777429467
124,House26,26.0,1,26.1,0to10,Residential,Ag,1920.0,87.0,4.0,1.0,0.869,49.975,13.757,36.268,20.954,3.977,0.233,17.071,376.66,84.682,3456.039,202.448,17.044,1.438,-0.103,-0.049
125,House26,26.0,2,26.2,0to10,Residential,Ag,1920.0,87.0,4.0,1.0,0.846,,,,11.123,2.507,0.166,15.079,444.88,92.541,2121.558,140.696,32.326,12.297,0.629,1.676
126,House26,26.0,1,26.1,10to30,Residential,Ag,1920.0,87.0,4.0,1.0,1.216,51.839,17.513,30.648,6.717,3.614,0.086,41.996,144.57,17.251,8791.006,209.327,5.022,1.055,0.084,0.157
127,House26,26.0,2,26.2,10to30,Residential,Ag,1920.0,87.0,4.0,1.0,1.066,45.125,18.75,36.125,5.523,1.892,0.1,19.001,238.45,20.144,4031.917,212.195,3.863,2.54,-0.148,0.059
128,House26,26.0,1,26.1,30to70,Residential,Ag,1920.0,87.0,4.0,1.0,1.342,44.847,18.759,36.393,5.266,2.106,0.085,24.891,167.84,9.566,11306.278,454.233,2.681,0.263,0.137,0.137
129,House26,26.0,2,26.2,30to70,Residential,Ag,1920.0,87.0,4.0,1.0,1.275,40.095,23.762,36.143,6.508,0.791,0.058,13.665,226.87,5.935,4031.814,295.049,1.147,1.408,0.213,0.318
130,House26,26.0,1,26.1,70to100,Residential,Ag,1920.0,87.0,4.0,1.0,1.088,45.611,17.504,36.884,6.388,1.361,0.065,20.848,204.41,8.381,4442.364,213.087,1.951,2.492,-0.071,0.103
131,House26,26.0,2,26.2,70to100,Residential,Ag,1920.0,87.0,4.0,1.0,1.419,40.706,21.266,38.029,4.052,0.515,0.048,10.787,141.97,2.143,2191.435,203.163,0.548,1.344,-0.061,0.039
132,House31,31.0,1,31.1,0to10,Residential,Ag,1963.0,44.0,2.0,2.0,0.916,30.892,17.246,51.862,21.735,2.59,0.241,10.741,658.59,106.311,2373.463,220.982,4.775,1.297,0.864,0.701
133,House31,31.0,2,31.2,0to10,Residential,Ag,1963.0,44.0,2.0,2.0,0.925,,,,30.72,2.943,0.268,10.977,1303.48,118.484,2721.855,247.965,4.425,1.357,0.271,0.267
134,House31,31.0,1,31.1,10to30,Residential,Ag,1963.0,44.0,2.0,2.0,1.174,28.982,28.757,42.261,5.444,0.932,0.086,10.805,209.62,12.345,2187.957,202.487,2.062,1.031,0.071,0.124
135,House31,31.0,2,31.2,10to30,Residential,Ag,1963.0,44.0,2.0,2.0,1.147,30.698,23.768,45.534,9.257,1.284,0.125,10.313,437.09,43.4,2945.262,285.584,6.681,0.748,0.554,0.529
136,House31,31.0,1,31.1,30to70,Residential,Ag,1963.0,44.0,2.0,2.0,1.347,33.608,32.758,33.633,3.569,0.579,0.058,9.94,160.71,5.66,3122.982,314.195,0.899,1.098,-0.06,0.025
137,House31,31.0,2,31.2,30to70,Residential,Ag,1963.0,44.0,2.0,2.0,1.372,37.125,30.0,32.875,4.466,0.479,0.048,10.009,161.24,7.219,2627.687,262.534,1.823,3.595,0.156,0.235
138,House31,31.0,1,31.1,70to100,Residential,Ag,1963.0,44.0,2.0,2.0,1.351,47.698,27.528,24.775,4.26,0.158,0.019,8.124,118.75,1.142,639.905,78.764,0.264,1.163,-0.049,0.0
139,House31,31.0,2,31.2,70to100,Residential,Ag,1963.0,44.0,2.0,2.0,1.302,41.279,34.983,23.738,3.99,0.13,0.016,8.257,88.09,1.274,508.082,61.532,0.258,0.567,0.02,0.0
140,House32,32.0,1,32.1,0to10,Residential,Ag,1963.0,44.0,2.0,2.0,0.908,41.39,21.245,37.366,17.793,2.451,0.233,10.526,267.44,76.165,2225.111,211.398,11.414,0.661,0.194,0.194
141,House32,32.0,2,32.2,0to10,Residential,Ag,1963.0,44.0,2.0,2.0,0.884,,,,10.344,2.651,0.226,11.713,474.54,108.005,2342.272,199.975,25.624,7.958,0.595,1.3
142,House32,32.0,1,32.1,10to30,Residential,Ag,1963.0,44.0,2.0,2.0,1.077,34.5,27.5,38.0,6.144,0.979,0.099,9.911,241.92,36.147,2107.146,212.618,14.171,4.973,0.315,0.749
143,House32,32.0,2,32.2,10to30,Residential,Ag,1963.0,44.0,2.0,2.0,1.219,41.471,22.511,36.018,4.318,0.554,0.055,10.006,77.75,13.009,1351.675,135.09,2.38,0.259,0.17,0.139
144,House32,32.0,1,32.1,30to70,Residential,Ag,1963.0,44.0,2.0,2.0,0.91,19.545,37.538,42.918,3.263,0.693,0.074,9.364,129.02,5.978,2525.045,269.64,2.563,1.281,0.012,0.113
145,House32,32.0,2,32.2,30to70,Residential,Ag,1963.0,44.0,2.0,2.0,1.683,30.84,28.764,40.395,4.411,0.803,0.076,10.64,123.44,3.442,5409.588,508.428,1.19,0.496,0.054,0.079
146,House32,32.0,1,32.1,70to100,Residential,Ag,1963.0,44.0,2.0,2.0,1.077,12.125,42.5,45.375,2.856,0.197,0.029,6.841,73.26,1.841,635.668,92.926,0.293,0.761,0.018,0.0
147,House32,32.0,2,32.2,70to100,Residential,Ag,1963.0,44.0,2.0,2.0,1.275,7.125,42.5,50.375,4.196,0.62,0.068,9.137,129.33,4.808,2373.729,259.805,0.94,0.276,0.044,0.044
148,House1,1.0,1,1.1,0to10,Residential,Forest,1965.0,42.0,2.0,2.0,0.72,29.912,23.78,46.308,21.652,3.11,0.234,13.271,510.59,100.844,2240.021,168.793,3.429,2.515,0.295,0.337
149,House1,1.0,2,1.2,0to10,Residential,Forest,1965.0,42.0,2.0,2.0,0.892,,,,24.37,2.656,0.175,15.212,217.7,80.268,2369.351,155.757,6.34,4.656,0.234,0.215
150,House1,1.0,1,1.1,10to30,Residential,Forest,1965.0,42.0,2.0,2.0,1.044,43.958,33.775,22.267,4.765,0.5,0.041,12.089,204.84,13.673,1044.279,86.381,0.265,2.91,-0.015,0.041
151,House1,1.0,2,1.2,10to30,Residential,Forest,1965.0,42.0,2.0,2.0,1.213,35.811,37.538,26.652,5.086,0.415,0.035,11.941,217.52,7.839,1006.796,84.315,0.267,0.963,0.005,0.0
152,House1,1.0,1,1.1,30to70,Residential,Forest,1965.0,42.0,2.0,2.0,1.109,52.762,28.743,18.495,4.074,0.15,0.017,8.767,87.15,1.326,667.551,76.146,0.268,0.589,-0.032,0.0
153,House1,1.0,2,1.2,30to70,Residential,Forest,1965.0,42.0,2.0,2.0,1.207,49.087,30.023,20.891,4.587,0.104,0.014,7.299,73.32,1.498,502.871,68.892,0.271,0.271,0.026,0.0
154,House1,1.0,1,1.1,70to100,Residential,Forest,1965.0,42.0,2.0,2.0,1.175,65.224,16.512,18.264,4.191,0.08,0.013,6.206,83.06,0.976,282.192,45.474,0.259,0.569,-0.031,0.0
155,House1,1.0,2,1.2,70to100,Residential,Forest,1965.0,42.0,2.0,2.0,1.227,62.866,19.755,17.379,5.007,0.081,0.011,7.192,107.36,1.148,297.432,41.356,0.264,0.264,-0.001,0.0
156,House2,2.0,1,2.1,0to10,Residential,Forest,1953.0,54.0,4.0,1.0,0.89,40.075,20.225,39.7,13.365,2.743,0.22,12.448,821.29,121.092,2442.103,196.185,19.131,1.075,0.608,0.608
157,House2,2.0,2,2.2,0to10,Residential,Forest,1953.0,54.0,4.0,1.0,0.971,,,,8.287,2.071,0.165,12.519,727.69,78.505,2011.104,160.648,19.878,0.631,0.494,0.504
158,House2,2.0,1,2.1,10to30,Residential,Forest,1953.0,54.0,4.0,1.0,1.17,34.592,24.762,40.645,5.767,0.733,0.06,12.29,82.43,17.931,1715.283,139.565,2.98,1.079,0.232,0.196
159,House2,2.0,2,2.2,10to30,Residential,Forest,1953.0,54.0,4.0,1.0,1.274,37.688,26.276,36.036,4.961,0.631,0.05,12.501,202.21,8.085,1608.072,128.631,2.505,0.613,0.055,0.088
160,House2,2.0,1,2.1,30to70,Residential,Forest,1953.0,54.0,4.0,1.0,1.354,43.403,34.733,21.864,4.463,0.214,0.017,12.871,99.33,1.263,1158.167,89.98,0.258,0.774,-0.048,0.0
161,House2,2.0,2,2.2,30to70,Residential,Forest,1953.0,54.0,4.0,1.0,1.402,39.58,32.274,28.146,3.648,0.214,0.019,11.419,82.94,1.244,1200.331,105.113,0.25,0.6,-0.032,0.0
162,House2,2.0,1,2.1,70to100,Residential,Forest,1953.0,54.0,4.0,1.0,1.522,52.738,27.507,19.755,2.798,0.101,0.0,13.41740885880537,79.13,0.773,463.107,0.0,0.543,0.592,-0.028,0.004
163,House2,2.0,2,2.2,70to100,Residential,Forest,1953.0,54.0,4.0,1.0,1.414,39.079,36.277,24.643,3.54,0.112,0.0,13.41740885880537,94.4,0.795,476.52,0.0,0.604,0.252,0.004,0.004
164,House3,3.0,1,3.1,0to10,Residential,Forest,2002.0,5.0,4.0,2.0,0.884,43.93,13.517,42.553,8.819,2.415,0.197,12.247,285.53,142.62,2133.98,174.249,36.921,6.308,0.641,0.706
165,House3,3.0,2,3.2,0to10,Residential,Forest,2002.0,5.0,4.0,2.0,1.001,,,,7.689,2.092,0.165,12.68,306.48,98.303,2093.269,165.081,20.116,1.001,0.4,0.202
166,House3,3.0,1,3.1,10to30,Residential,Forest,2002.0,5.0,4.0,2.0,1.143,23.538,20.99,55.472,2.46,1.027,0.083,12.396,141.92,12.083,2348.97,189.49,1.802,1.908,-0.003,-0.006
167,House3,3.0,2,3.2,10to30,Residential,Forest,2002.0,5.0,4.0,2.0,1.213,24.481,23.756,51.763,3.347,1.112,0.098,11.388,117.76,19.685,2697.548,236.882,2.591,3.058,0.086,0.046
168,House3,3.0,1,3.1,30to70,Residential,Forest,2002.0,5.0,4.0,2.0,1.134,26.482,27.257,46.262,1.151,0.822,0.066,12.423,95.63,3.404,3725.267,299.864,0.27,0.81,0.018,0.0
169,House3,3.0,2,3.2,30to70,Residential,Forest,2002.0,5.0,4.0,2.0,1.182,22.481,30.008,47.512,3.442,0.933,0.079,11.868,104.23,4.066,4412.474,371.809,0.272,0.817,-0.05,0.0
170,House3,3.0,1,3.1,70to100,Residential,Forest,2002.0,5.0,4.0,2.0,1.306,27.768,32.492,39.74,0.925,0.235,0.032,7.324,84.5,1.588,919.961,125.603,0.26,0.521,0.032,0.0
171,House3,3.0,2,3.2,70to100,Residential,Forest,2002.0,5.0,4.0,2.0,1.306,31.341,31.016,37.644,3.219,0.368,0.04,9.228,80.34,2.004,1440.881,156.139,0.261,0.731,-0.01,0.0
172,House4,4.0,1,4.1,0to10,Residential,Forest,1990.0,17.0,4.0,2.0,0.732,47.474,16.258,36.268,6.121,2.9,0.176,16.522,87.47,76.325,2123.827,128.545,11.393,0.881,0.54,0.557
173,House4,4.0,2,4.2,0to10,Residential,Forest,1990.0,17.0,4.0,2.0,0.858,,,,2.508,1.761,0.143,12.333,170.22,88.033,1511.097,122.526,17.053,0.637,0.734,0.664
174,House4,4.0,1,4.1,10to30,Residential,Forest,1990.0,17.0,4.0,2.0,0.926,45.098,21.261,33.642,3.836,1.439,0.079,18.235,346.32,34.913,2663.555,146.069,4.102,3.583,0.117,0.252
175,House4,4.0,2,4.2,10to30,Residential,Forest,1990.0,17.0,4.0,2.0,0.793,35.25,17.5,47.25,3.532,1.793,0.139,12.937,85.99,47.008,2844.653,219.88,7.567,1.401,0.306,0.383
176,House4,4.0,1,4.1,30to70,Residential,Forest,1990.0,17.0,4.0,2.0,1.202,51.424,24.975,23.601,2.785,0.21,0.023,9.206,80.57,13.341,1009.559,109.665,2.399,11.694,0.121,0.025
177,House4,4.0,2,4.2,30to70,Residential,Forest,1990.0,17.0,4.0,2.0,1.168,44.5,27.5,28.0,2.585,0.332,0.035,9.488,96.44,9.052,1551.151,163.482,1.35,6.129,0.038,0.045
178,House4,4.0,1,4.1,70to100,Residential,Forest,1990.0,17.0,4.0,2.0,1.347,44.542,27.479,27.979,3.683,0.132,0.019,7.038,81.43,6.16,535.099,76.029,2.356,3.227,0.07,0.031
179,House4,4.0,2,4.2,70to100,Residential,Forest,1990.0,17.0,4.0,2.0,1.114,43.307,32.468,24.226,2.569,0.211,0.025,8.53,66.26,46.183,704.241,82.561,0.962,28.0,1.957,0.026
180,House5,5.0,1,5.1,0to10,Residential,Forest,1994.0,13.0,4.0,2.0,0.892,47.474,18.509,34.017,18.307,4.88,0.15,32.467,668.38,57.614,4352.257,134.053,25.103,1.139,0.103,0.094
181,House5,5.0,2,5.2,0to10,Residential,Forest,1994.0,13.0,4.0,2.0,0.913,,,,15.721,4.919,0.162,30.284,499.1,48.601,4491.334,148.308,14.878,1.505,0.275,0.271
182,House5,5.0,1,5.1,10to30,Residential,Forest,1994.0,13.0,4.0,2.0,0.899,35.686,23.524,40.791,7.767,1.763,0.081,21.712,286.97,29.959,3169.831,145.997,16.713,3.004,0.099,0.294
183,House5,5.0,2,5.2,10to30,Residential,Forest,1994.0,13.0,4.0,2.0,0.951,32.074,22.517,45.409,9.513,2.13,0.085,25.206,295.75,34.118,4050.735,160.706,19.723,4.364,0.396,0.767
184,House5,5.0,1,5.1,30to70,Residential,Forest,1994.0,13.0,4.0,2.0,1.105,40.735,33.758,25.506,3.472,0.379,0.026,14.47,123.69,13.248,1675.231,115.775,9.762,3.569,-0.066,0.073
185,House5,5.0,2,5.2,30to70,Residential,Forest,1994.0,13.0,4.0,2.0,1.058,48.824,25.025,26.151,4.06,0.485,0.027,17.933,129.99,11.877,2052.388,114.444,0.562,11.35,-0.129,0.013
186,House5,5.0,1,5.1,70to100,Residential,Forest,1994.0,13.0,4.0,2.0,0.918,23.924,52.553,23.524,5.176,0.193,0.017,11.228,99.2,13.161,530.859,47.28,10.505,2.012,-0.065,0.017
187,House5,5.0,2,5.2,70to100,Residential,Forest,1994.0,13.0,4.0,2.0,1.025,67.625,15.0,17.375,3.226,0.1,0.0,13.41740885880537,107.64,2.077,308.983,0.0,0.243,1.264,-0.028,0.0
188,House6,6.0,1,6.1,0to10,Residential,Forest,1997.0,10.0,4.0,2.0,0.951,48.724,12.506,38.769,5.023,2.262,0.179,12.645,296.31,120.508,2152.024,170.185,19.88,0.607,0.422,0.294
189,House6,6.0,2,6.2,0to10,Residential,Forest,1997.0,10.0,4.0,2.0,0.735,,,,17.897,2.591,0.207,12.502,494.01,126.826,1903.857,152.29,20.228,0.737,0.221,0.201
190,House6,6.0,1,6.1,10to30,Residential,Forest,1997.0,10.0,4.0,2.0,1.097,45.598,20.01,34.392,2.799,0.666,0.064,10.481,79.46,34.984,1460.608,139.363,3.599,15.531,0.063,0.387
191,House6,6.0,2,6.2,10to30,Residential,Forest,1997.0,10.0,4.0,2.0,0.815,44.75,19.75,35.5,8.034,1.539,0.118,13.047,547.01,61.639,2508.913,192.299,13.248,2.35,0.297,0.424
192,House6,6.0,1,6.1,30to70,Residential,Forest,1997.0,10.0,4.0,2.0,1.167,42.014,26.243,31.742,2.737,0.154,0.023,6.742,114.59,6.715,719.431,106.705,3.236,3.706,-0.119,0.081
193,House6,6.0,2,6.2,30to70,Residential,Forest,1997.0,10.0,4.0,2.0,0.799,50.838,21.266,27.896,5.038,1.0592625000000002,0.078946875,13.41740885880537,75.15,10.15,0.0,0.0,5.975,2.553,-0.034,0.057
194,House6,6.0,1,6.1,70to100,Residential,Forest,1997.0,10.0,4.0,2.0,1.206,66.858,14.507,18.634,2.619,0.116,0.019,6.114,66.15,14.711,418.472,68.44,10.188,2.508,0.118,0.233
195,House6,6.0,2,6.2,70to100,Residential,Forest,1997.0,10.0,4.0,2.0,0.976,58.844,16.262,24.894,3.749,0.129,0.016,7.81,111.39,5.183,377.43,48.326,4.106,0.267,0.131,0.131
196,House7,7.0,1,7.1,0to10,Residential,Forest,2001.0,6.0,4.0,2.0,0.73,48.875,13.5,37.625,14.955,4.357,0.28,15.57,761.53,128.149,3181.74,204.35,11.298,4.009,0.767,0.189
197,House7,7.0,2,7.2,0to10,Residential,Forest,2001.0,6.0,4.0,2.0,0.839,,,,4.066,3.534,0.236,14.97,555.91,104.74,2963.722,197.978,2.146,2.88,1.03,0.035
198,House7,7.0,1,7.1,10to30,Residential,Forest,2001.0,6.0,4.0,2.0,1.093,55.114,17.504,27.382,3.702,0.86,0.068,12.711,146.44,19.621,1879.642,147.881,2.131,2.334,0.199,0.225
199,House7,7.0,2,7.2,10to30,Residential,Forest,2001.0,6.0,4.0,2.0,0.905,51.561,9.488,38.951,5.536,0.774,0.069,11.184,186.17,13.219,1401.228,125.29,0.25,0.25,0.395,0.0
200,House7,7.0,1,7.1,30to70,Residential,Forest,2001.0,6.0,4.0,2.0,1.292,62.134,19.745,18.12,2.76,0.193,0.014,13.955,89.57,1.24,996.682,71.42,0.242,0.484,0.095,0.0
201,House7,7.0,2,7.2,30to70,Residential,Forest,2001.0,6.0,4.0,2.0,1.235,50.863,13.253,35.884,1.687,0.237,0.027,8.89,75.27,1.194,1171.99,131.826,0.249,0.249,0.375,0.0
202,House7,7.0,1,7.1,70to100,Residential,Forest,2001.0,6.0,4.0,2.0,1.291,46.196,18.268,35.536,3.152,0.161,0.0,13.41740885880537,94.65,0.951,621.996,0.0,0.256,0.256,0.212,0.0
203,House7,7.0,2,7.2,70to100,Residential,Forest,2001.0,6.0,4.0,2.0,1.182,49.663,14.489,35.848,2.232,0.074,0.0,13.41740885880537,54.59,0.747,261.094,0.0,0.254,0.254,0.423,0.0
204,House8,8.0,1,8.1,0to10,Residential,Forest,1969.0,38.0,2.0,2.0,0.895,51.649,16.242,32.109,6.68,1.774,0.175,10.139,693.56,72.25,1586.691,156.496,20.366,16.16,0.797,2.308
205,House8,8.0,2,8.2,0to10,Residential,Forest,1969.0,38.0,2.0,2.0,0.87,,,,7.011,2.332,0.201,11.596,102.15,51.516,2028.202,174.899,10.232,0.28,0.838,0.788
206,House8,8.0,1,8.1,10to30,Residential,Forest,1969.0,38.0,2.0,2.0,1.166,62.337,13.764,23.899,4.618,0.296,0.028,10.608,136.44,4.549,689.371,64.984,0.539,0.245,-0.03,-0.03
207,House8,8.0,2,8.2,10to30,Residential,Forest,1969.0,38.0,2.0,2.0,1.052,62.231,13.757,24.012,2.725,0.377,0.043,8.862,130.64,5.707,793.51,89.537,1.231,0.246,0.07,0.045
208,House8,8.0,1,8.1,30to70,Residential,Forest,1969.0,38.0,2.0,2.0,1.14,76.363,1.251,22.386,2.552,0.066,0.0,13.41740885880537,108.63,0.956,299.546,0.0,0.244,0.244,0.058,0.0
209,House8,8.0,2,8.2,30to70,Residential,Forest,1969.0,38.0,2.0,2.0,1.152,79.385,2.499,18.116,2.523,0.078,0.009,8.324,58.74,1.499,358.008,43.01,0.235,0.235,0.0,0.0
210,House8,8.0,1,8.1,70to100,Residential,Forest,1969.0,38.0,2.0,2.0,1.194,84.391,2.498,13.112,2.662,0.041,0.0,13.41740885880537,57.04,0.746,147.039,0.0,0.235,0.235,0.0,0.0
211,House8,8.0,2,8.2,70to100,Residential,Forest,1969.0,38.0,2.0,2.0,1.239,89.489,2.503,8.008,2.415,0.023,0.0,13.41740885880537,63.39,0.725,85.488,0.0,0.23,0.23,0.0,0.0
212,House10,10.0,1,10.1,0to10,Residential,Forest,1989.0,18.0,4.0,2.0,0.998,37.766,20.745,41.49,17.8,3.666,0.176,20.785,768.39,85.511,3659.175,176.051,32.684,1.979,0.5,0.456
213,House10,10.0,2,10.2,0to10,Residential,Forest,1989.0,18.0,4.0,2.0,0.9,,,,27.674,2.87,0.154,18.683,240.05,51.78,2583.295,138.268,19.969,1.285,0.121,-0.025
214,House10,10.0,2,10.2,10to30,Residential,Forest,1989.0,18.0,4.0,2.0,1.176,22.019,30.742,47.238,8.541,1.22,0.067,18.087,298.8,13.01,2870.123,158.688,9.587,2.035,-0.046,0.115
215,House10,10.0,3,10.3,10to30,Residential,Forest,1989.0,18.0,4.0,2.0,1.213,25.949,26.224,47.827,5.779,1.679,0.052,32.421,243.27,9.244,4072.581,125.615,7.791,0.854,0.115,0.168
216,House10,10.0,2,10.2,30to70,Residential,Forest,1989.0,18.0,4.0,2.0,1.094,16.0,39.75,44.25,4.535,0.228,0.024,9.622,112.55,7.67,997.045,103.624,6.865,1.351,-0.06,-0.01
217,House10,10.0,3,10.3,30to70,Residential,Forest,1989.0,18.0,4.0,2.0,1.287,18.689,35.026,46.285,5.188,0.262,0.024,10.812,134.49,5.435,1347.623,124.636,3.545,0.982,-0.021,0.0
218,House10,10.0,2,10.2,70to100,Residential,Forest,1989.0,18.0,4.0,2.0,1.195,19.04,34.983,45.977,3.049,0.14,0.019,7.376,87.39,3.127,502.248,68.095,3.367,1.631,-0.104,-0.013
219,House10,10.0,3,10.3,70to100,Residential,Forest,1989.0,18.0,4.0,2.0,1.414,16.375,34.75,48.875,3.754,0.134,0.018,7.34,87.22,1.832,569.136,77.544,0.764,1.691,-0.11,-0.006
220,House14,14.0,1,14.1,0to10,Residential,Forest,1987.0,20.0,4.0,2.0,1.072,40.08,22.767,37.153,17.775,1.224,0.085,14.352,80.9,38.646,1311.991,91.414,8.857,1.677,0.626,0.684
221,House14,14.0,2,14.2,0to10,Residential,Forest,1987.0,20.0,4.0,2.0,1.048,,,,5.468,2.123,0.14,15.216,511.88,62.629,2223.863,146.153,14.972,7.401,0.531,1.143
222,House14,14.0,1,14.1,10to30,Residential,Forest,1987.0,20.0,4.0,2.0,1.091,35.093,19.01,45.898,6.048,1.565,0.117,13.417,230.5,29.724,3414.857,254.515,6.482,7.152,0.128,0.638
223,House14,14.0,2,14.2,10to30,Residential,Forest,1987.0,20.0,4.0,2.0,1.169,37.578,18.764,43.658,3.518,1.266,0.101,12.548,147.28,32.192,2958.918,235.813,6.058,5.215,0.112,0.458
224,House14,14.0,1,14.1,30to70,Residential,Forest,1987.0,20.0,4.0,2.0,1.239,21.395,31.492,47.113,4.416,0.514,0.047,10.979,77.24,12.12,2546.621,231.959,8.812,1.827,-0.06,0.029
225,House14,14.0,2,14.2,30to70,Residential,Forest,1987.0,20.0,4.0,2.0,1.234,20.225,33.458,46.317,2.736,0.565,0.046,12.414,154.17,19.56,2790.303,224.765,6.883,9.825,0.141,0.086
226,House14,14.0,1,14.1,70to100,Residential,Forest,1987.0,20.0,4.0,2.0,1.295,18.814,35.276,45.909,2.613,0.208,0.025,8.36,148.02,11.796,807.053,96.538,7.373,5.072,-0.035,-0.021
227,House14,14.0,2,14.2,70to100,Residential,Forest,1987.0,20.0,4.0,2.0,1.375,19.48,36.259,44.261,4.513,0.188,0.022,8.662,85.83,9.445,773.195,89.263,8.933,0.723,0.375,0.08
228,House15,15.0,1,15.1,0to10,Residential,Forest,1969.0,38.0,2.0,2.0,0.67,42.793,18.736,38.471,21.695,3.225,0.28,11.527,221.58,124.801,2160.853,187.453,19.536,1.918,1.498,1.464
229,House15,15.0,2,15.2,0to10,Residential,Forest,1969.0,38.0,2.0,2.0,0.938,,,,9.381,2.535,0.199,12.756,93.67,46.404,2378.265,186.436,9.541,0.686,0.751,0.7
230,House15,15.0,2,15.2,10to30,Residential,Forest,1969.0,38.0,2.0,2.0,0.896,28.0,26.25,45.75,2.811,0.0,0.134,13.41740885880537,166.69,4.982,0.0,240.117,0.265,1.699,0.076,0.096
231,House15,15.0,3,15.3,10to30,Residential,Forest,1969.0,38.0,2.0,2.0,1.108,37.938,23.774,38.288,5.58,1.151,0.08,14.434,65.49,4.175,2551.091,176.739,1.549,1.601,0.474,-0.036
232,House15,15.0,2,15.2,30to70,Residential,Forest,1969.0,38.0,2.0,2.0,1.159,16.042,34.983,48.976,3.029,0.372,0.041,9.01,68.55,4.288,1726.244,191.594,0.53,2.173,0.02,0.016
233,House15,15.0,3,15.3,30to70,Residential,Forest,1969.0,38.0,2.0,2.0,1.279,17.062,33.725,49.213,3.238,0.442,0.047,9.467,95.36,2.06,2260.345,238.752,0.837,0.68,0.057,0.041
234,House15,15.0,2,15.2,70to100,Residential,Forest,1969.0,38.0,2.0,2.0,1.386,33.467,23.762,42.771,2.719,0.128,0.022,5.83,87.58,1.153,532.904,91.411,0.253,0.253,0.0,0.0
235,House15,15.0,3,15.3,70to100,Residential,Forest,1969.0,38.0,2.0,2.0,1.486,20.684,31.227,48.089,3.534,0.161,0.025,6.479,68.88,1.343,716.333,110.57,0.258,0.517,0.099,0.0
236,House16,16.0,1,16.1,0to10,Residential,Forest,1963.0,44.0,4.0,2.0,0.802,39.92,15.988,44.092,15.306,3.163,0.2,15.788,244.09,84.829,2537.973,160.753,13.571,0.798,1.297,1.277
237,House16,16.0,2,16.2,0to10,Residential,Forest,1963.0,44.0,4.0,2.0,0.807,,,,12.214,3.042,0.259,11.754,250.82,33.281,2454.751,208.845,20.824,0.835,9.419,-0.385
238,House16,16.0,1,16.1,10to30,Residential,Forest,1963.0,44.0,4.0,2.0,0.923,59.219,16.262,24.518,4.371,0.459,0.042,11.02,145.47,30.601,846.807,76.84,2.819,19.186,0.191,0.408
239,House16,16.0,2,16.2,10to30,Residential,Forest,1963.0,44.0,4.0,2.0,0.978,65.267,11.244,23.488,3.647,0.393,0.035,11.381,161.67,12.253,769.076,67.578,2.049,0.683,0.047,0.091
240,House16,16.0,1,16.1,30to70,Residential,Forest,1963.0,44.0,4.0,2.0,1.028,79.115,6.253,14.632,3.584,0.057,0.0,13.41740885880537,112.68,1.866,233.27,0.0,1.056,0.48,-0.001,-0.001
241,House16,16.0,2,16.2,30to70,Residential,Forest,1963.0,44.0,4.0,2.0,1.119,82.482,5.005,12.513,3.484,0.059,0.0,13.41740885880537,80.11,2.021,265.42,0.0,0.953,0.667,0.003,0.013
242,House16,16.0,1,16.1,70to100,Residential,Forest,1963.0,44.0,4.0,2.0,1.097,88.827,5.321,5.853,4.218,0.038,0.0,13.41740885880537,104.05,1.226,125.479,0.0,0.229,0.687,0.014,0.0
243,House16,16.0,2,16.2,70to100,Residential,Forest,1963.0,44.0,4.0,2.0,0.978,86.5,2.5,11.0,3.502,0.039,0.0,13.41740885880537,86.88,1.606,113.37,0.0,1.23,0.228,-0.024,-0.024
244,House17,17.0,1,17.1,0to10,Residential,Forest,1960.0,47.0,4.0,2.0,0.795,46.947,11.261,41.792,5.413,2.047,0.169,12.096,647.04,64.901,1627.404,134.541,6.087,1.217,0.562,0.574
245,House17,17.0,2,17.2,0to10,Residential,Forest,1960.0,47.0,4.0,2.0,0.701,,,,11.958,3.301,0.264,12.498,527.28,82.312,2314.306,185.18,3.356,1.62,0.853,0.727
246,House17,17.0,1,17.1,10to30,Residential,Forest,1960.0,47.0,4.0,2.0,0.923,43.139,11.997,44.864,4.479,1.254,0.104,12.063,176.06,8.474,2316.641,192.049,1.014,1.281,0.022,0.091
247,House17,17.0,2,17.2,10to30,Residential,Forest,1960.0,47.0,4.0,2.0,0.988,47.085,18.764,34.151,6.05,0.948,0.079,12.059,97.15,15.513,1872.292,155.262,0.261,2.037,0.376,0.026
248,House17,17.0,1,17.1,30to70,Residential,Forest,1960.0,47.0,4.0,2.0,1.076,52.101,17.259,30.64,3.147,0.311,0.036,8.539,95.79,2.99,1339.598,156.871,0.616,1.592,0.009,0.036
249,House17,17.0,2,17.2,30to70,Residential,Forest,1960.0,47.0,4.0,2.0,1.074,53.34,17.263,29.397,4.057,0.412,0.037,11.274,127.57,7.67,1769.22,156.929,0.254,3.656,0.068,0.0
250,House17,17.0,1,17.1,70to100,Residential,Forest,1960.0,47.0,4.0,2.0,1.067,63.991,10.003,26.007,3.153,0.163,0.016,9.944,82.91,0.79,522.35,52.53,0.249,0.697,-0.045,0.0
251,House17,17.0,2,17.2,70to100,Residential,Forest,1960.0,47.0,4.0,2.0,,,,,5.606775,1.0592625000000002,0.078946875,13.41740885880537,199.36755470325,28.089272727272725,1404.5917757009345,111.34078504672897,5.03339375,2.6695,0.2402319749216301,0.2048808777429467
252,House18,18.0,2,18.2,0to10,Residential,Forest,1959.0,48.0,4.0,2.0,0.528,,,,13.064,3.441,0.247,13.947,447.51,134.133,1815.961,130.202,39.937,18.451,1.605,2.536
253,House18,18.0,3,18.3,0to10,Residential,Forest,1959.0,48.0,4.0,2.0,0.735,46.223,13.507,40.27,13.612,3.358,0.26,12.903,377.36,90.662,2469.394,191.389,13.089,11.65,1.459,1.987
254,House18,18.0,1,18.1,10to30,Residential,Forest,1959.0,48.0,4.0,2.0,0.912,67.649,9.993,22.358,5.844,0.536,0.031,17.245,122.88,8.76,977.077,56.66,0.255,0.255,0.077,0.05
255,House18,18.0,2,18.2,10to30,Residential,Forest,1959.0,48.0,4.0,2.0,1.019,66.133,11.247,22.619,3.959,0.788,0.033,23.991,116.07,10.055,1607.204,66.993,3.024,0.756,0.1,0.083
256,House18,18.0,2,18.2,30to70,Residential,Forest,1959.0,48.0,4.0,2.0,,,,,5.606775,1.0592625000000002,0.078946875,13.41740885880537,199.36755470325,28.089272727272725,1404.5917757009345,111.34078504672897,5.03339375,2.6695,0.2402319749216301,0.2048808777429467
257,House18,18.0,3,18.3,30to70,Residential,Forest,1959.0,48.0,4.0,2.0,1.718,54.977,17.509,27.514,3.196,0.497,0.037,13.263,100.65,1.699,3412.478,257.297,0.251,0.553,-0.005,0.023
258,House18,18.0,2,18.2,70to100,Residential,Forest,1959.0,48.0,4.0,2.0,,,,,5.606775,1.0592625000000002,0.078946875,13.41740885880537,199.36755470325,28.089272727272725,1404.5917757009345,111.34078504672897,5.03339375,2.6695,0.2402319749216301,0.2048808777429467
259,House18,18.0,3,18.3,70to100,Residential,Forest,1959.0,48.0,4.0,2.0,0.826,58.854,16.258,24.887,3.004,0.109,0.015,7.346,52.7,1.485,269.973,36.75,0.26,0.26,-0.001,0.0
260,House19,19.0,1,19.1,0to10,Residential,Forest,1964.0,43.0,4.0,2.0,0.694,,,,13.641,3.744,0.306,12.219,83.39,121.171,2596.91,212.53,35.327,1.736,0.904,0.954
261,House19,19.0,2,19.2,0to10,Residential,Forest,1964.0,43.0,4.0,2.0,0.872,,,,8.101,2.504,0.194,12.879,335.16,92.466,2183.794,169.558,31.84,1.823,0.91,0.277
262,House19,19.0,3,19.3,0to10,Residential,Forest,1964.0,43.0,4.0,2.0,0.595,46.862,11.253,41.885,9.043,3.913,0.333,11.767,339.77,105.46,2328.691,197.903,34.842,10.319,1.828,1.99
263,House19,19.0,1,19.1,10to30,Residential,Forest,1964.0,43.0,4.0,2.0,1.117,63.964,2.002,34.034,4.364,0.603,0.033,18.464,70.35,10.937,1346.18,72.907,3.438,0.253,0.526,0.064
264,House19,19.0,2,19.2,10to30,Residential,Forest,1964.0,43.0,4.0,2.0,0.944,45.014,18.745,36.241,4.524,1.18,0.094,12.595,196.43,20.361,2105.151,167.137,7.062,1.358,0.033,0.132
265,House19,19.0,3,19.3,10to30,Residential,Forest,1964.0,43.0,4.0,2.0,0.892,44.028,14.743,41.229,3.704,1.183,0.108,10.918,195.37,36.734,2234.487,204.653,12.301,8.723,0.156,0.375
266,House19,19.0,1,19.1,30to70,Residential,Forest,1964.0,43.0,4.0,2.0,1.292,59.031,8.244,32.725,2.467,0.222,0.023,9.755,70.98,0.992,1145.425,117.423,0.251,0.251,0.135,0.0
267,House19,19.0,2,19.2,30to70,Residential,Forest,1964.0,43.0,4.0,2.0,1.195,54.534,19.735,25.731,2.593,0.257,0.026,10.091,89.5,2.588,1230.431,121.929,1.622,1.774,-0.059,0.043
268,House19,19.0,3,19.3,30to70,Residential,Forest,1964.0,43.0,4.0,2.0,1.042,50.012,24.994,24.994,2.161,0.334,0.038,8.86,94.21,12.223,1394.748,157.416,5.576,2.814,-0.006,0.038
269,House19,19.0,1,19.1,70to100,Residential,Forest,1964.0,43.0,4.0,2.0,1.216,67.351,11.509,21.141,2.416,0.068,0.0,13.41740885880537,56.48,0.493,248.018,0.0,0.248,0.248,0.144,0.0
270,House19,19.0,2,19.2,70to100,Residential,Forest,1964.0,43.0,4.0,2.0,1.221,65.733,16.008,18.259,2.853,0.107,0.0,13.41740885880537,81.22,2.461,391.917,0.0,3.206,0.718,-0.073,-0.029
271,House19,19.0,3,19.3,70to100,Residential,Forest,1964.0,43.0,4.0,2.0,1.135,68.258,15.996,15.746,2.673,0.149,0.018,8.213,90.04,9.295,506.045,61.619,7.853,0.557,-0.041,-0.013
272,House23,23.0,1,23.1,0to10,Residential,Forest,1967.0,40.0,2.0,2.0,1.046,34.543,28.786,36.671,4.372,1.351,0.133,10.156,299.05,38.247,1413.442,139.176,4.294,0.859,0.58,0.591
273,House23,23.0,2,23.2,0to10,Residential,Forest,1967.0,40.0,2.0,2.0,0.982,,,,4.5,1.511,0.143,10.538,110.4,52.078,1483.609,140.781,6.376,2.84,0.686,0.808
274,House23,23.0,1,23.1,10to30,Residential,Forest,1967.0,40.0,2.0,2.0,1.22,38.235,31.258,30.508,3.66,0.558,0.048,11.55,136.45,5.146,1360.177,117.765,1.668,0.261,0.058,0.058
275,House23,23.0,2,23.2,10to30,Residential,Forest,1967.0,40.0,2.0,2.0,1.231,27.0,36.5,36.5,3.713,0.538,0.053,10.217,126.03,4.169,1324.063,129.598,1.191,0.57,0.016,0.047
276,House23,23.0,1,23.1,30to70,Residential,Forest,1967.0,40.0,2.0,2.0,1.145,61.981,12.256,25.763,3.839,0.234,0.023,10.051,80.23,2.485,1073.49,106.809,1.605,0.251,-0.015,-0.015
277,House23,23.0,2,23.2,30to70,Residential,Forest,1967.0,40.0,2.0,2.0,1.197,51.363,17.754,30.883,3.485,0.256,0.028,9.073,72.0,2.179,1225.069,135.026,1.18,0.246,0.039,0.005
278,House23,23.0,1,23.1,70to100,Residential,Forest,1967.0,40.0,2.0,2.0,,,,,5.606775,1.0592625000000002,0.078946875,13.41740885880537,199.36755470325,28.089272727272725,1404.5917757009345,111.34078504672897,5.03339375,2.6695,0.2402319749216301,0.2048808777429467
279,House23,23.0,2,23.2,70to100,Residential,Forest,1967.0,40.0,2.0,2.0,1.045,48.564,8.739,42.697,3.125,0.106,0.012,9.004,71.81,2.692,331.202,36.782,1.739,0.264,0.014,-0.012
280,House24,24.0,1,24.1,0to10,Residential,Forest,1967.0,40.0,2.0,2.0,0.891,46.875,21.25,31.875,13.773,2.656,0.263,10.096,154.59,89.941,2365.501,234.302,12.376,4.437,0.489,0.839
281,House24,24.0,2,24.2,0to10,Residential,Forest,1967.0,40.0,2.0,2.0,0.812,,,,10.615,2.058,0.204,10.066,191.04,55.796,1670.251,165.923,7.693,1.167,0.472,0.494
282,House24,24.0,1,24.1,10to30,Residential,Forest,1967.0,40.0,2.0,2.0,1.088,40.684,36.214,23.102,3.36,0.381,0.041,9.319,103.73,4.377,828.382,88.895,1.488,0.744,0.054,0.048
283,House24,24.0,2,24.2,10to30,Residential,Forest,1967.0,40.0,2.0,2.0,1.105,40.08,42.532,17.388,3.584,0.435,0.044,9.957,139.65,7.332,961.563,96.572,2.076,0.692,0.056,0.057
284,House24,24.0,1,24.1,30to70,Residential,Forest,1967.0,40.0,2.0,2.0,1.069,58.771,17.491,23.738,2.291,0.118,0.02,5.982,62.18,21.7,505.055,84.433,17.775,0.273,0.085,0.085
285,House24,24.0,2,24.2,30to70,Residential,Forest,1967.0,40.0,2.0,2.0,1.136,52.726,28.764,18.509,2.187,0.098,0.015,6.615,63.99,10.961,443.388,67.028,8.953,0.201,0.086,0.053
286,House24,24.0,1,24.1,70to100,Residential,Forest,1967.0,40.0,2.0,2.0,1.043,85.265,2.498,12.238,2.768,0.078,0.012,6.365,76.57,8.035,243.358,38.234,6.007,0.266,0.044,0.044
287,House24,24.0,2,24.2,70to100,Residential,Forest,1967.0,40.0,2.0,2.0,1.23,61.414,12.488,26.099,2.295,0.018,0.0,13.41740885880537,56.83,5.53,67.514,0.0,4.84,0.23,-0.031,-0.031
288,House25,25.0,1,25.1,0to10,Residential,Forest,1948.0,59.0,4.0,1.0,0.957,33.75,26.25,40.0,3.891,2.221,0.19,11.666,110.18,1.743,2124.31,182.094,3.722,0.709,5.051,-0.312
289,House25,25.0,2,25.2,0to10,Residential,Forest,1948.0,59.0,4.0,1.0,0.868,,,,3.751,2.751,0.22,12.522,99.8,66.972,2388.87,190.771,3.517,0.75,0.121,0.127
290,House25,25.0,1,25.1,10to30,Residential,Forest,1948.0,59.0,4.0,1.0,1.274,40.03,19.74,40.23,2.88,0.627,0.04,15.518,81.94,11.673,1597.46,102.944,0.618,0.875,-0.09,-0.033
291,House25,25.0,2,25.2,10to30,Residential,Forest,1948.0,59.0,4.0,1.0,1.268,38.125,23.75,38.125,2.438,0.502,0.044,11.487,60.0,6.8,1274.044,110.912,0.256,0.256,0.0,0.0
292,House25,25.0,1,25.1,30to70,Residential,Forest,1948.0,59.0,4.0,1.0,1.442,36.234,25.006,38.76,2.653,0.215,0.024,9.087,72.35,1.634,1242.793,136.759,0.254,0.254,-0.001,0.0
293,House25,25.0,2,25.2,30to70,Residential,Forest,1948.0,59.0,4.0,1.0,1.563,40.515,25.994,33.492,2.696,0.167,0.021,7.973,64.55,1.061,1047.227,131.354,0.243,0.243,0.0,0.0
294,House25,25.0,1,25.1,70to100,Residential,Forest,1948.0,59.0,4.0,1.0,1.466,23.067,36.277,40.655,9.116,0.214,0.027,8.048,315.3,1.278,938.912,116.667,0.26,0.729,-0.043,0.0
295,House25,25.0,2,25.2,70to100,Residential,Forest,1948.0,59.0,4.0,1.0,1.456,29.232,34.759,36.009,4.047,0.168,0.02,8.391,66.76,1.113,733.614,87.424,0.256,0.665,-0.038,0.0
296,House27,27.0,1,27.1,0to10,Residential,Forest,1969.0,38.0,2.0,2.0,0.787,32.392,29.743,37.866,8.819,1.653,0.127,13.024,482.36,45.939,1301.794,99.955,2.846,1.396,0.167,0.216
297,House27,27.0,2,27.2,0to10,Residential,Forest,1969.0,38.0,2.0,2.0,1.002,,,,9.588,1.874,0.149,12.586,540.9,64.92,1877.302,149.161,5.259,1.119,0.349,0.433
298,House27,27.0,1,27.1,10to30,Residential,Forest,1969.0,38.0,2.0,2.0,1.244,32.307,33.534,34.159,3.769,0.479,0.041,11.631,86.22,5.528,1191.074,102.406,0.643,0.841,0.083,0.049
299,House27,27.0,2,27.2,10to30,Residential,Forest,1969.0,38.0,2.0,2.0,1.135,24.587,42.521,32.891,4.585,0.394,0.036,11.082,164.47,32.794,894.421,80.707,0.811,5.423,0.012,0.09
300,House27,27.0,1,27.1,30to70,Residential,Forest,1969.0,38.0,2.0,2.0,1.186,28.589,50.936,20.474,3.0,0.199,0.026,7.782,69.88,1.962,944.008,121.307,0.275,0.716,0.028,0.0
301,House27,27.0,2,27.2,30to70,Residential,Forest,1969.0,38.0,2.0,2.0,1.155,26.195,54.041,19.765,4.145,1.0592625000000002,0.078946875,13.41740885880537,86.15,1.997,1404.5917757009345,111.34078504672897,0.275,1.539,-0.084,-0.001
302,House27,27.0,1,27.1,70to100,Residential,Forest,1969.0,38.0,2.0,2.0,1.292,45.736,34.009,20.255,2.878,0.144,0.015,9.601,73.79,1.419,559.92,58.321,0.264,0.264,0.043,0.0
303,House27,27.0,2,27.2,70to100,Residential,Forest,1969.0,38.0,2.0,2.0,1.218,37.672,35.044,27.284,4.493,0.175,0.018,9.788,93.97,1.586,640.076,65.392,0.268,1.288,-0.066,0.0
304,House28,28.0,1,28.1,0to10,Residential,Forest,1968.0,39.0,2.0,2.0,1.061,31.142,22.494,46.363,5.703,2.333,0.185,12.578,382.43,43.067,2474.656,196.746,12.964,1.229,0.616,0.566
305,House28,28.0,2,28.2,0to10,Residential,Forest,1968.0,39.0,2.0,2.0,0.98,,,,4.046,3.499,0.276,12.665,534.09,59.7,3428.712,270.729,8.589,0.588,0.536,0.525
306,House28,28.0,1,28.1,10to30,Residential,Forest,1968.0,39.0,2.0,2.0,1.192,26.927,27.277,45.796,3.968,0.954,0.082,11.627,144.51,17.301,2272.949,195.484,8.117,2.158,-0.055,0.007
307,House28,28.0,2,28.2,10to30,Residential,Forest,1968.0,39.0,2.0,2.0,1.314,22.308,29.728,47.964,4.427,1.15,0.093,12.403,139.33,16.6,3021.404,243.603,4.16,3.03,0.397,0.366
308,House28,28.0,1,28.1,30to70,Residential,Forest,1968.0,39.0,2.0,2.0,1.362,31.392,36.241,32.367,2.77,0.286,0.028,10.18,64.12,2.658,1556.34,152.884,1.623,0.609,0.051,0.026
309,House28,28.0,2,28.2,30to70,Residential,Forest,1968.0,39.0,2.0,2.0,1.301,34.484,33.508,32.008,2.721,0.201,0.024,8.496,66.97,2.69,1047.007,123.232,0.548,1.743,0.053,0.0
310,House28,28.0,1,28.1,70to100,Residential,Forest,1968.0,39.0,2.0,2.0,1.308,39.03,40.98,19.99,2.556,0.085,0.015,5.725,49.93,2.123,331.771,57.956,0.865,0.254,0.031,-0.005
311,House28,28.0,2,28.2,70to100,Residential,Forest,1968.0,39.0,2.0,2.0,1.359,36.703,38.529,24.769,2.8,0.1,0.016,6.186,65.6,0.988,408.388,66.014,0.248,0.497,0.03,0.0
312,House29,29.0,1,29.1,0to10,Residential,Forest,1968.0,39.0,2.0,2.0,0.95,52.512,16.246,31.242,8.452,2.184,0.208,10.486,810.94,75.458,2074.018,197.78,12.271,0.774,1.176,1.166
313,House29,29.0,2,29.2,0to10,Residential,Forest,1968.0,39.0,2.0,2.0,0.992,,,,14.736,2.141,0.204,10.497,739.57,72.439,2124.504,202.395,13.85,0.701,0.641,0.653
314,House29,29.0,1,29.1,10to30,Residential,Forest,1968.0,39.0,2.0,2.0,1.348,59.051,18.976,21.973,2.739,0.711,0.057,12.44,263.22,24.083,1916.978,154.103,7.505,8.205,0.153,0.949
315,House29,29.0,2,29.2,10to30,Residential,Forest,1968.0,39.0,2.0,2.0,1.221,44.07,24.969,30.961,6.724,1.396,0.076,18.243,194.24,16.498,3407.365,186.777,5.36,7.708,-0.018,0.516
316,House29,29.0,1,29.1,30to70,Residential,Forest,1968.0,39.0,2.0,2.0,1.117,41.802,31.539,26.658,7.006,1.789,0.054,33.031,173.87,5.38,7989.99,241.896,2.467,0.257,-0.025,-0.025
317,House29,29.0,2,29.2,30to70,Residential,Forest,1968.0,39.0,2.0,2.0,1.264,48.962,24.018,27.02,6.381,0.706,0.045,15.864,194.01,7.242,3570.495,225.065,2.132,0.992,-0.016,0.058
318,House29,29.0,1,29.1,70to100,Residential,Forest,1968.0,39.0,2.0,2.0,1.213,48.323,23.774,27.903,5.935,1.462,0.078,18.815,220.9,7.098,5319.078,282.708,1.219,2.896,0.148,0.201
319,House29,29.0,2,29.2,70to100,Residential,Forest,1968.0,39.0,2.0,2.0,1.259,57.136,17.746,25.119,11.755,0.921,0.076,12.121,283.7,22.393,3477.303,286.888,9.729,1.905,0.045,0.209
320,House30,30.0,1,30.1,0to10,Residential,Forest,1952.0,55.0,4.0,1.0,1.026,38.344,22.261,39.395,5.606775,2.304,0.161,14.348,199.36755470325,28.089272727272725,2364.2,164.77,5.03339375,2.6695,0.2402319749216301,0.2048808777429467
321,House30,30.0,2,30.2,0to10,Residential,Forest,1952.0,55.0,4.0,1.0,1.026,38.344,22.261,39.395,11.045,2.882,0.174,16.521,317.42,38.105,2957.277,179.004,12.835,0.983,-0.592,-0.575
322,House30,30.0,1,30.1,10to30,Residential,Forest,1952.0,55.0,4.0,1.0,1.245,35.795,25.031,39.174,5.606775,1.606,0.104,15.474,199.36755470325,28.089272727272725,3999.11,258.442,5.03339375,2.6695,0.2402319749216301,0.2048808777429467
323,House30,30.0,2,30.2,10to30,Residential,Forest,1952.0,55.0,4.0,1.0,1.245,28.375,28.75,42.875,4.005,1.967,0.071,27.698,155.68,13.376,4897.833,176.83,8.548,1.002,0.306,0.374
324,House30,30.0,1,30.1,30to70,Residential,Forest,1952.0,55.0,4.0,1.0,1.297,37.719,25.013,37.269,3.17,0.532,0.04,13.465,88.59,1.641,2758.625,204.868,1.142,0.571,-0.029,-0.001
325,House30,30.0,2,30.2,30to70,Residential,Forest,1952.0,55.0,4.0,1.0,1.42,33.875,29.5,36.625,2.449,0.427,0.035,12.067,113.83,2.428,2427.722,201.191,1.64,0.264,0.017,0.017
326,House30,30.0,1,30.1,70to100,Residential,Forest,1952.0,55.0,4.0,1.0,1.662,32.324,20.766,46.91,3.608,0.579,0.047,12.201,149.03,2.464,2888.764,236.756,1.084,0.568,0.005,0.033
327,House30,30.0,2,30.2,70to100,Residential,Forest,1952.0,55.0,4.0,1.0,0.935,33.342,21.261,45.398,2.716,0.585,0.049,11.872,94.6,1.176,1641.546,138.267,1.356,0.261,0.074,0.074
